Resource type;Region;ID;tag:Name;tag:aws:cloudformation:stack-id;tag:aws:cloudformation:logical-id;tag:aws:cloudformation:stack-name;tag:Product;tag:SAP-Orden;tag:SAPAccount;tag:FQDN;tag:Dns name;tag:SLA;tag:STAGE;tag:SAP-Pedido;tag:EC2
EC2 Image;eu-west-1;ami-00679779;;;;;Glow;10020200;;;;NO24x7;;7006094977;i-06b880fe1eb6722fb
EC2 Image;eu-west-1;ami-020cf17b;;;;;Glow;10020200;;;;NO24x7;;7006094977;i-054c54352cd811715
EC2 Image;eu-west-1;ami-0229c17b;;;;;Glow;10020200;;;;NO24x7;;7006094977;i-0eac0c8fcc178d3b7
EC2 Image;eu-west-1;ami-038e497a;;;;;Glow;10020200;;;;NO24x7;;7006094977;i-0eac0c8fcc178d3b7
EC2 Image;eu-west-1;ami-050cf17c;;;;;Glow;10020200;;;;NO24x7;;7006094977;i-00326ac2e32facbc5
EC2 Image;eu-west-1;ami-057e887c;;;;;Glow;10020200;;;;NO24x7;;7006094977;i-06b880fe1eb6722fb
EC2 Image;eu-west-1;ami-063ec57f;;;;;Glow;10020200;;;;NO24x7;;7006094977;i-0cfd4c7f83434cbfe
EC2 Image;eu-west-1;ami-0956be70;;;;;Glow;10020200;;;;NO24x7;;7006094977;i-00326ac2e32facbc5
EC2 Image;eu-west-1;ami-0d718774;;;;;Glow;10020200;;;;NO24x7;;7006094977;i-0cfd4c7f83434cbfe
EC2 Image;eu-west-1;ami-0e699977;;;;;Glow;10020200;;;;NO24x7;;7006094977;i-06b880fe1eb6722fb
EC2 Image;eu-west-1;ami-0ece3977;;;;;Glow;10020200;;;;NO24x7;;7006094977;i-08d8e345d49035081
EC2 Image;eu-west-1;ami-0efa0b77;;;;;Glow;10020200;;;;NO24x7;;7006094977;i-0eac0c8fcc178d3b7
EC2 Image;eu-west-1;ami-0fd12476;;;;;Glow;10020200;;;;NO24x7;;7006094977;i-0cfd4c7f83434cbfe
EC2 Image;eu-west-1;ami-1120cb68;;;;;Glow;10020200;;;;NO24x7;;7006094977;i-0eac0c8fcc178d3b7
EC2 Image;eu-west-1;ami-11649468;;;;;Glow;10020200;;;;NO24x7;;7006094977;i-054c54352cd811715
EC2 Image;eu-west-1;ami-1264946b;;;;;Glow;10020200;;;;NO24x7;;7006094977;i-0cfd4c7f83434cbfe
EC2 Image;eu-west-1;ami-18916c61;;;;;Glow;10020200;;;;NO24x7;;7006094977;i-06b880fe1eb6722fb
EC2 Image;eu-west-1;ami-1a8f7363;;;;;Glow;10020200;;;;NO24x7;;7006094977;i-00326ac2e32facbc5
EC2 Image;eu-west-1;ami-1b2cc762;;;;;Glow;10020200;;;;NO24x7;;7006094977;i-00326ac2e32facbc5
EC2 Image;eu-west-1;ami-1c38c365;;;;;Glow;10020200;;;;NO24x7;;7006094977;i-054c54352cd811715
EC2 Image;eu-west-1;ami-1caa4165;;;;;Glow;10020200;;;;NO24x7;;7006094977;i-054c54352cd811715
EC2 Image;eu-west-1;ami-1d38c364;;;;;Glow;10020200;;;;NO24x7;;7006094977;i-0fd3dd21aed87abb4
EC2 Image;eu-west-1;ami-1dab6e64;;;;;Glow;10020200;;;;NO24x7;;7006094977;i-0cfd4c7f83434cbfe
EC2 Image;eu-west-1;ami-1e38c367;;;;;Glow;10020200;;;;NO24x7;;7006094977;i-08d8e345d49035081
EC2 Image;eu-west-1;ami-2035ca59;;;;;Glow;10020200;;;;NO24x7;;7006094977;i-06b880fe1eb6722fb
EC2 Image;eu-west-1;ami-23a45e5a;;;;;Glow;10020200;;;;NO24x7;;7006094977;i-08d8e345d49035081
EC2 Image;eu-west-1;ami-2738c75e;;;;;Glow;10020200;;;;NO24x7;;7006094977;i-08d8e345d49035081
EC2 Image;eu-west-1;ami-2a8d7153;;;;;Glow;10020200;;;;NO24x7;;7006094977;i-054c54352cd811715
EC2 Image;eu-west-1;ami-2b1ee452;;;;;Glow;10020200;;;;NO24x7;;7006094977;i-00326ac2e32facbc5
EC2 Image;eu-west-1;ami-2bd72252;;;;;Glow;10020200;;;;NO24x7;;7006094977;i-0eac0c8fcc178d3b7
EC2 Image;eu-west-1;ami-2ccf3855;;;;;Glow;10020200;;;;NO24x7;;7006094977;i-06b880fe1eb6722fb
EC2 Image;eu-west-1;ami-30a15b49;;;;;Glow;10020200;;;;NO24x7;;7006094977;i-054c54352cd811715
EC2 Image;eu-west-1;ami-3114e648;;;;;Glow;10020200;;;;NO24x7;;7006094977;i-0eac0c8fcc178d3b7
EC2 Image;eu-west-1;ami-324eba4b;;;;;Glow;10020200;;;;NO24x7;;7006094977;i-0fd3dd21aed87abb4
EC2 Image;eu-west-1;ami-334eba4a;;;;;Glow;10020200;;;;NO24x7;;7006094977;i-054c54352cd811715
EC2 Image;eu-west-1;ami-334fbb4a;;;;;Glow;10020200;;;;NO24x7;;7006094977;i-08d8e345d49035081
EC2 Image;eu-west-1;ami-34a55f4d;;;;;Glow;10020200;;;;NO24x7;;7006094977;i-0eac0c8fcc178d3b7
EC2 Image;eu-west-1;ami-34e6164d;;;;;Glow;10020200;;;;NO24x7;;7006094977;i-08d8e345d49035081
EC2 Image;eu-west-1;ami-354cb84c;;;;;Glow;10020200;;;;NO24x7;;7006094977;i-06b880fe1eb6722fb
EC2 Image;eu-west-1;ami-35a55f4c;;;;;Glow;10020200;;;;NO24x7;;7006094977;i-0cfd4c7f83434cbfe
EC2 Image;eu-west-1;ami-3842ba41;;;;;Glow;10020200;;;;NO24x7;;7006094977;i-054c54352cd811715
EC2 Image;eu-west-1;ami-39d53d40;;;;;Glow;10020200;;;;NO24x7;;7006094977;i-054c54352cd811715
EC2 Image;eu-west-1;ami-3ad62343;;;;;Glow;10020200;;;;NO24x7;;7006094977;i-06b880fe1eb6722fb
EC2 Image;eu-west-1;ami-3d21ca44;;;;;Glow;10020200;;;;NO24x7;;7006094977;i-06b880fe1eb6722fb
EC2 Image;eu-west-1;ami-3d708644;;;;;Glow;10020200;;;;NO24x7;;7006094977;i-00326ac2e32facbc5
EC2 Image;eu-west-1;ami-3e19e347;;;;;Glow;10020200;;;;NO24x7;;7006094977;i-06b880fe1eb6722fb
EC2 Image;eu-west-1;ami-3e42ba47;;;;;Glow;10020200;;;;NO24x7;;7006094977;i-0fd3dd21aed87abb4
EC2 Image;eu-west-1;ami-3e43bb47;;;;;Glow;10020200;;;;NO24x7;;7006094977;i-0eac0c8fcc178d3b7
EC2 Image;eu-west-1;ami-3ea84347;;;;;Glow;10020200;;;;NO24x7;;7006094977;i-08d8e345d49035081
EC2 Image;eu-west-1;ami-3f42ba46;;;;;Glow;10020200;;;;NO24x7;;7006094977;i-06b880fe1eb6722fb
EC2 Image;eu-west-1;ami-3fae6b46;;;;;Glow;10020200;;;;NO24x7;;7006094977;i-0fd3dd21aed87abb4
EC2 Image;eu-west-1;ami-406a9a39;;;;;Glow;10020200;;;;NO24x7;;7006094977;i-06b880fe1eb6722fb
EC2 Image;eu-west-1;ami-44c1353d;;;;;Glow;10020200;;;;NO24x7;;7006094977;i-0cfd4c7f83434cbfe
EC2 Image;eu-west-1;ami-47d73f3e;;;;;Glow;10020200;;;;NO24x7;;7006094977;i-00326ac2e32facbc5
EC2 Image;eu-west-1;ami-48e91931;;;;;Glow;10020200;;;;NO24x7;;7006094977;i-0eac0c8fcc178d3b7
EC2 Image;eu-west-1;ami-4b887432;;;;;Glow;10020200;;;;NO24x7;;7006094977;i-06b880fe1eb6722fb
EC2 Image;eu-west-1;ami-4c6a9a35;;;;;Glow;10020200;;;;NO24x7;;7006094977;i-0eac0c8fcc178d3b7
EC2 Image;eu-west-1;ami-4ee91937;;;;;Glow;10020200;;;;NO24x7;;7006094977;i-06b880fe1eb6722fb
EC2 Image;eu-west-1;ami-4f679736;;;;;Glow;10020200;;;;NO24x7;;7006094977;i-0fd3dd21aed87abb4
EC2 Image;eu-west-1;ami-547e882d;;;;;Glow;10020200;;;;NO24x7;;7006094977;i-054c54352cd811715
EC2 Image;eu-west-1;ami-55c2362c;;;;;Glow;10020200;;;;NO24x7;;7006094977;i-054c54352cd811715
EC2 Image;eu-west-1;ami-560ff22f;;;;;Glow;10020200;;;;NO24x7;;7006094977;i-06b880fe1eb6722fb
EC2 Image;eu-west-1;ami-5660912f;;;;;Glow;10020200;;;;NO24x7;;7006094977;i-0cfd4c7f83434cbfe
EC2 Image;eu-west-1;ami-570ff22e;;;;;Glow;10020200;;;;NO24x7;;7006094977;i-0fd3dd21aed87abb4
EC2 Image;eu-west-1;ami-585aaf21;;;;;Glow;10020200;;;;NO24x7;;7006094977;i-054c54352cd811715
EC2 Image;eu-west-1;ami-58689821;;;;;Glow;10020200;;;;NO24x7;;7006094977;i-054c54352cd811715
EC2 Image;eu-west-1;ami-58906d21;;;;;Glow;10020200;;;;NO24x7;;7006094977;i-054c54352cd811715
EC2 Image;eu-west-1;ami-58996b21;;;;;Glow;10020200;;;;NO24x7;;7006094977;i-0eac0c8fcc178d3b7
EC2 Image;eu-west-1;ami-5bab6e22;;;;;Glow;10020200;;;;NO24x7;;7006094977;i-06b880fe1eb6722fb
EC2 Image;eu-west-1;ami-5c619025;;;;;Glow;10020200;;;;NO24x7;;7006094977;i-06b880fe1eb6722fb
EC2 Image;eu-west-1;ami-5c9b6925;;;;;Glow;10020200;;;;NO24x7;;7006094977;i-00326ac2e32facbc5
EC2 Image;eu-west-1;ami-5d8e7224;;;;;Glow;10020200;;;;NO24x7;;7006094977;i-0cfd4c7f83434cbfe
EC2 Image;eu-west-1;ami-5d9a6824;;;;;Glow;10020200;;;;NO24x7;;7006094977;i-08d8e345d49035081
EC2 Image;eu-west-1;ami-5f619026;;;;;Glow;10020200;;;;NO24x7;;7006094977;i-00326ac2e32facbc5
EC2 Image;eu-west-1;ami-5f9b6926;;;;;Glow;10020200;;;;NO24x7;;7006094977;i-054c54352cd811715
EC2 Image;eu-west-1;ami-60a64c19;;;;;Glow;10020200;;;;NO24x7;;7006094977;i-0fd3dd21aed87abb4
EC2 Image;eu-west-1;ami-611ce618;;;;;Glow;10020200;;;;NO24x7;;7006094977;i-0fd3dd21aed87abb4
EC2 Image;eu-west-1;ami-62fd0c1b;;;;;Glow;10020200;;;;NO24x7;;7006094977;i-054c54352cd811715
EC2 Image;eu-west-1;ami-6301c51a;;;;;Glow;10020200;;;;NO24x7;;7006094977;i-00326ac2e32facbc5
EC2 Image;eu-west-1;ami-661eec1f;;;;;Glow;10020200;;;;NO24x7;;7006094977;i-00326ac2e32facbc5
EC2 Image;eu-west-1;ami-6734cb1e;;;;;Glow;10020200;;;;NO24x7;;7006094977;i-0cfd4c7f83434cbfe
EC2 Image;eu-west-1;ami-681eec11;;;;;Glow;10020200;;;;NO24x7;;7006094977;i-06b880fe1eb6722fb
EC2 Image;eu-west-1;ami-68a96c11;;;;;Glow;10020200;;;;NO24x7;;7006094977;i-054c54352cd811715
EC2 Image;eu-west-1;ami-691eec10;;;;;Glow;10020200;;;;NO24x7;;7006094977;i-0cfd4c7f83434cbfe
EC2 Image;eu-west-1;ami-6a46b313;;;;;Glow;10020200;;;;NO24x7;;7006094977;i-08d8e345d49035081
EC2 Image;eu-west-1;ami-6ba96c12;;;;;Glow;10020200;;;;NO24x7;;7006094977;i-00326ac2e32facbc5
EC2 Image;eu-west-1;ami-6c699915;;;;;Glow;10020200;;;;NO24x7;;7006094977;i-054c54352cd811715
EC2 Image;eu-west-1;ami-6d699914;;;;;Glow;10020200;;;;NO24x7;;7006094977;i-00326ac2e32facbc5
EC2 Image;eu-west-1;ami-6fea1a16;;;;;Glow;10020200;;;;NO24x7;;7006094977;i-0cfd4c7f83434cbfe
EC2 Image;eu-west-1;ami-701fe509;;;;;Glow;10020200;;;;NO24x7;;7006094977;i-054c54352cd811715
EC2 Image;eu-west-1;ami-7037c809;;;;;Glow;10020200;;;;NO24x7;;7006094977;i-054c54352cd811715
EC2 Image;eu-west-1;ami-70a84309;;;;;Glow;10020200;;;;NO24x7;;7006094977;i-0eac0c8fcc178d3b7
EC2 Image;eu-west-1;ami-711be908;;;;;Glow;10020200;;;;NO24x7;;7006094977;i-0fd3dd21aed87abb4
EC2 Image;eu-west-1;ami-71c33708;;;;;Glow;10020200;;;;NO24x7;;7006094977;i-08d8e345d49035081
EC2 Image;eu-west-1;ami-71cd3a08;;;;;Glow;10020200;;;;NO24x7;;7006094977;i-0cfd4c7f83434cbfe
EC2 Image;eu-west-1;ami-7368980a;;;;;Glow;10020200;;;;NO24x7;;7006094977;i-08d8e345d49035081
EC2 Image;eu-west-1;ami-741de70d;;;;;Glow;10020200;;;;NO24x7;;7006094977;i-0cfd4c7f83434cbfe
EC2 Image;eu-west-1;ami-74926f0d;;;;;Glow;10020200;;;;NO24x7;;7006094977;i-0eac0c8fcc178d3b7
EC2 Image;eu-west-1;ami-7568980c;;;;;Glow;10020200;;;;NO24x7;;7006094977;i-0cfd4c7f83434cbfe
EC2 Image;eu-west-1;ami-78ae4501;;;;;Glow;10020200;;;;NO24x7;;7006094977;i-06b880fe1eb6722fb
EC2 Image;eu-west-1;ami-79cf3800;;;;;Glow;10020200;;;;NO24x7;;7006094977;i-00326ac2e32facbc5
EC2 Image;eu-west-1;ami-7a986a03;;;;;Glow;10020200;;;;NO24x7;;7006094977;i-0fd3dd21aed87abb4
EC2 Image;eu-west-1;ami-7b996b02;;;;;Glow;10020200;;;;NO24x7;;7006094977;i-06b880fe1eb6722fb
EC2 Image;eu-west-1;ami-7c02c605;;;;;Glow;10020200;;;;NO24x7;;7006094977;i-0eac0c8fcc178d3b7
EC2 Image;eu-west-1;ami-7c629305;;;;;Glow;10020200;;;;NO24x7;;7006094977;i-08d8e345d49035081
EC2 Image;eu-west-1;ami-7d6a9a04;;;;;Glow;10020200;;;;NO24x7;;7006094977;i-08d8e345d49035081
EC2 Image;eu-west-1;ami-7d9a6004;;;;;Glow;10020200;;;;NO24x7;;7006094977;i-06b880fe1eb6722fb
EC2 Image;eu-west-1;ami-7e6a9a07;;;;;Glow;10020200;;;;NO24x7;;7006094977;i-00326ac2e32facbc5
EC2 Image;eu-west-1;ami-7ed62307;;;;;Glow;10020200;;;;NO24x7;;7006094977;i-054c54352cd811715
EC2 Image;eu-west-1;ami-7f629306;;;;;Glow;10020200;;;;NO24x7;;7006094977;i-0fd3dd21aed87abb4
EC2 Image;eu-west-1;ami-7ffd0c06;;;;;Glow;10020200;;;;NO24x7;;7006094977;i-0cfd4c7f83434cbfe
EC2 Image;eu-west-1;ami-822cc7fb;;;;;Glow;10020200;;;;NO24x7;;7006094977;i-0fd3dd21aed87abb4
EC2 Image;eu-west-1;ami-847284fd;;;;;Glow;10020200;;;;NO24x7;;7006094977;i-08d8e345d49035081
EC2 Image;eu-west-1;ami-859466fc;;;;;Glow;10020200;;;;NO24x7;;7006094977;i-0cfd4c7f83434cbfe
EC2 Image;eu-west-1;ami-85ea1ffc;;;;;Glow;10020200;;;;NO24x7;;7006094977;i-0fd3dd21aed87abb4
EC2 Image;eu-west-1;ami-860ccbff;;;;;Glow;10020200;;;;NO24x7;;7006094977;i-0cfd4c7f83434cbfe
EC2 Image;eu-west-1;ami-863ac1ff;;;;;Glow;10020200;;;;NO24x7;;7006094977;i-06b880fe1eb6722fb
EC2 Image;eu-west-1;ami-87c531fe;;;;;Glow;10020200;;;;NO24x7;;7006094977;i-06b880fe1eb6722fb
EC2 Image;eu-west-1;ami-88c136f1;;;;;Glow;10020200;;;;NO24x7;;7006094977;i-0eac0c8fcc178d3b7
EC2 Image;eu-west-1;ami-8f58adf6;;;;;Glow;10020200;;;;NO24x7;;7006094977;i-0cfd4c7f83434cbfe
EC2 Image;eu-west-1;ami-90c430e9;;;;;Glow;10020200;;;;NO24x7;;7006094977;i-0fd3dd21aed87abb4
EC2 Image;eu-west-1;ami-9112efe8;;;;;Glow;10020200;;;;NO24x7;;7006094977;i-0eac0c8fcc178d3b7
EC2 Image;eu-west-1;ami-9306c2ea;;;;;Glow;10020200;;;;NO24x7;;7006094977;i-06b880fe1eb6722fb
EC2 Image;eu-west-1;ami-937f8eea;;;;;Glow;10020200;;;;NO24x7;;7006094977;i-054c54352cd811715
EC2 Image;eu-west-1;ami-93f706ea;;;;;Glow;10020200;;;;NO24x7;;7006094977;i-08d8e345d49035081
EC2 Image;eu-west-1;ami-94ab40ed;;;;;Glow;10020200;;;;NO24x7;;7006094977;i-0fd3dd21aed87abb4
EC2 Image;eu-west-1;ami-9513eeec;;;;;Glow;10020200;;;;NO24x7;;7006094977;i-08d8e345d49035081
EC2 Image;eu-west-1;ami-966595ef;;;;;Glow;10020200;;;;NO24x7;;7006094977;i-0cfd4c7f83434cbfe
EC2 Image;eu-west-1;ami-9b41b9e2;;;;;Glow;10020200;;;;NO24x7;;7006094977;i-08d8e345d49035081
EC2 Image;eu-west-1;ami-9b5faae2;;;;;Glow;10020200;;;;NO24x7;;7006094977;i-06b880fe1eb6722fb
EC2 Image;eu-west-1;ami-9be414e2;;;;;Glow;10020200;;;;NO24x7;;7006094977;i-00326ac2e32facbc5
EC2 Image;eu-west-1;ami-9e09cee7;;;;;Glow;10020200;;;;NO24x7;;7006094977;i-08d8e345d49035081
EC2 Image;eu-west-1;ami-a005c1d9;;;;;Glow;10020200;;;;NO24x7;;7006094977;i-054c54352cd811715
EC2 Image;eu-west-1;ami-a17086d8;;;;;Glow;10020200;;;;NO24x7;;7006094977;i-0fd3dd21aed87abb4
EC2 Image;eu-west-1;ami-a2f809db;;;;;Glow;10020200;;;;NO24x7;;7006094977;i-06b880fe1eb6722fb
EC2 Image;eu-west-1;ami-a3d43cda;;;;;Glow;10020200;;;;NO24x7;;7006094977;i-0fd3dd21aed87abb4
EC2 Image;eu-west-1;ami-a648bcdf;;;;;Glow;10020200;;;;NO24x7;;7006094977;i-00326ac2e32facbc5
EC2 Image;eu-west-1;ami-a67086df;;;;;Glow;10020200;;;;NO24x7;;7006094977;i-0eac0c8fcc178d3b7
EC2 Image;eu-west-1;ami-a8c135d1;;;;;Glow;10020200;;;;NO24x7;;7006094977;i-00326ac2e32facbc5
EC2 Image;eu-west-1;ami-aa966bd3;;;;;Glow;10020200;;;;NO24x7;;7006094977;i-0fd3dd21aed87abb4
EC2 Image;eu-west-1;ami-af0ff2d6;;;;;Glow;10020200;;;;NO24x7;;7006094977;i-0cfd4c7f83434cbfe
EC2 Image;eu-west-1;ami-af6999d6;;;;;Glow;10020200;;;;NO24x7;;7006094977;i-0fd3dd21aed87abb4
EC2 Image;eu-west-1;ami-b0e515c9;;;;;Glow;10020200;;;;NO24x7;;7006094977;i-0fd3dd21aed87abb4
EC2 Image;eu-west-1;ami-b122c9c8;;;;;Glow;10020200;;;;NO24x7;;7006094977;i-0cfd4c7f83434cbfe
EC2 Image;eu-west-1;ami-b3966bca;;;;;Glow;10020200;;;;NO24x7;;7006094977;i-00326ac2e32facbc5
EC2 Image;eu-west-1;ami-b5aa41cc;;;;;Glow;10020200;;;;NO24x7;;7006094977;i-0cfd4c7f83434cbfe
EC2 Image;eu-west-1;ami-b6d63ecf;;;;;Glow;10020200;;;;NO24x7;;7006094977;i-08d8e345d49035081
EC2 Image;eu-west-1;ami-b7a349ce;;;;;Glow;10020200;;;;NO24x7;;7006094977;i-06b880fe1eb6722fb
EC2 Image;eu-west-1;ami-bb2cc7c2;;;;;Glow;10020200;;;;NO24x7;;7006094977;i-08d8e345d49035081
EC2 Image;eu-west-1;ami-bc25dfc5;;;;;Glow;10020200;;;;NO24x7;;7006094977;i-0eac0c8fcc178d3b7
EC2 Image;eu-west-1;ami-bc6696c5;;;;;Glow;10020200;;;;NO24x7;;7006094977;i-0fd3dd21aed87abb4
EC2 Image;eu-west-1;ami-bd6696c4;;;;;Glow;10020200;;;;NO24x7;;7006094977;i-0eac0c8fcc178d3b7
EC2 Image;eu-west-1;ami-be06c2c7;;;;;Glow;10020200;;;;NO24x7;;7006094977;i-08d8e345d49035081
EC2 Image;eu-west-1;ami-be38c3c7;;;;;Glow;10020200;;;;NO24x7;;7006094977;i-00326ac2e32facbc5
EC2 Image;eu-west-1;ami-bea04ac7;;;;;Glow;;;;;NO24x7;;;i-054c54352cd811715
EC2 Image;eu-west-1;ami-bf06c2c6;;;;;Glow;10020200;;;;NO24x7;;7006094977;i-0fd3dd21aed87abb4
EC2 Image;eu-west-1;ami-c08d71b9;;;;;Glow;10020200;;;;NO24x7;;7006094977;i-0fd3dd21aed87abb4
EC2 Image;eu-west-1;ami-c08e49b9;;;;;Glow;10020200;;;;NO24x7;;7006094977;i-08d8e345d49035081
EC2 Image;eu-west-1;ami-c0d43cb9;;;;;Glow;;10020200;;;NO24x7;;;i-0cfd4c7f83434cbfe
EC2 Image;eu-west-1;ami-c3a86dba;;;;;Glow;10020200;;;;NO24x7;;7006094977;i-0eac0c8fcc178d3b7
EC2 Image;eu-west-1;ami-c4906dbd;;;;;Glow;10020200;;;;NO24x7;;7006094977;i-08d8e345d49035081
EC2 Image;eu-west-1;ami-c5d520bc;;;;;Glow;;10020200;;;NO24x7;;;i-00326ac2e32facbc5
EC2 Image;eu-west-1;ami-c6a14bbf;;;;;Glow;;10020200;;;NO24x7;;;i-0cfd4c7f83434cbfe
EC2 Image;eu-west-1;ami-c78e49be;;;;;Glow;10020200;;;;NO24x7;;7006094977;i-054c54352cd811715
EC2 Image;eu-west-1;ami-c7906dbe;;;;;Glow;10020200;;;;NO24x7;;7006094977;i-0cfd4c7f83434cbfe
EC2 Image;eu-west-1;ami-c817d0b1;;;;;Glow;10020200;;;;NO24x7;;7006094977;i-00326ac2e32facbc5
EC2 Image;eu-west-1;ami-c91be9b0;;;;;Glow;10020200;;;;NO24x7;;7006094977;i-08d8e345d49035081
EC2 Image;eu-west-1;ami-c94fbbb0;;;;;Glow;;10020200;;;NO24x7;;;i-0cfd4c7f83434cbfe
EC2 Image;eu-west-1;ami-cbfb0ab2;;;;;Glow;;10020200;;;NO24x7;;;i-0fd3dd21aed87abb4
EC2 Image;eu-west-1;ami-cce818b5;;;;;Glow;;10020200;;;NO24x7;;;i-054c54352cd811715
EC2 Image;eu-west-1;ami-d111e3a8;;;;;Glow;10020200;;;;NO24x7;;7006094977;i-054c54352cd811715
EC2 Image;eu-west-1;ami-d11ee4a8;;;;;Glow;10020200;;;;NO24x7;;7006094977;i-08d8e345d49035081
EC2 Image;eu-west-1;ami-d1a04aa8;;;;;Glow;;10020200;;;NO24x7;;;i-08d8e345d49035081
EC2 Image;eu-west-1;ami-d1a45ea8;;;;;Glow;10020200;;;;NO24x7;;7006094977;i-0fd3dd21aed87abb4
EC2 Image;eu-west-1;ami-d2c733ab;;;;;Glow;10020200;10020200;;;NO24x7;;7006094977;i-0eac0c8fcc178d3b7
EC2 Image;eu-west-1;ami-d57e8fac;;;;;Glow;;10020200;;;NO24x7;;;i-0eac0c8fcc178d3b7
EC2 Image;eu-west-1;ami-d608cfaf;;;;;Glow;10020200;;;;NO24x7;;7006094977;i-0fd3dd21aed87abb4
EC2 Image;eu-west-1;ami-d75baeae;;;;;Glow;;10020200;;;NO24x7;;;i-00326ac2e32facbc5
EC2 Image;eu-west-1;ami-d844b1a1;;;;;Glow;10020200;;;;NO24x7;;7006094977;i-0eac0c8fcc178d3b7
EC2 Image;eu-west-1;ami-d944b1a0;;;;;Glow;10020200;;;;NO24x7;;7006094977;i-0fd3dd21aed87abb4
EC2 Image;eu-west-1;ami-da3ec5a3;;;;;Glow;10020200;;;;NO24x7;;7006094977;i-0eac0c8fcc178d3b7
EC2 Image;eu-west-1;ami-daa65ca3;;;;;Glow;10020200;;;;NO24x7;;7006094977;i-00326ac2e32facbc5
EC2 Image;eu-west-1;ami-dbd43ca2;;;;;Glow;10020200;;;;NO24x7;;7006094977;i-06b880fe1eb6722fb
EC2 Image;eu-west-1;ami-dc8e72a5;;;;;Glow;10020200;;;;NO24x7;;7006094977;i-0eac0c8fcc178d3b7
EC2 Image;eu-west-1;ami-de6696a7;;;;;Glow;10020200;;;;NO24x7;;7006094977;i-0eac0c8fcc178d3b7
EC2 Image;eu-west-1;ami-dea04aa7;;;;;Glow;;10020200;;;NO24x7;;;i-0eac0c8fcc178d3b7
EC2 Image;eu-west-1;ami-dfa04aa6;;;;;Glow;;10020200;;;NO24x7;;;i-00326ac2e32facbc5
EC2 Image;eu-west-1;ami-e001c599;;;;;Glow;10020200;;;;NO24x7;;7006094977;i-0cfd4c7f83434cbfe
EC2 Image;eu-west-1;ami-e239c69b;;;;;Glow;10020200;;;;NO24x7;;7006094977;i-00326ac2e32facbc5
EC2 Image;eu-west-1;ami-e339c69a;;;;;Glow;10020200;;;;NO24x7;;7006094977;i-0eac0c8fcc178d3b7
EC2 Image;eu-west-1;ami-e9834490;;;;;Glow;10020200;;;;NO24x7;;7006094977;i-00326ac2e32facbc5
EC2 Image;eu-west-1;ami-eb834492;;;;;Glow;10020200;;;;NO24x7;;7006094977;i-0cfd4c7f83434cbfe
EC2 Image;eu-west-1;ami-ed679794;;;;;Glow;10020200;;;;NO24x7;;7006094977;i-08d8e345d49035081
EC2 Image;eu-west-1;ami-ee42ba97;;;;;Glow;10020200;;;;NO24x7;;7006094977;i-00326ac2e32facbc5
EC2 Image;eu-west-1;ami-eecd3a97;;;;;Glow;;10020200;;;NO24x7;;;i-054c54352cd811715
EC2 Image;eu-west-1;ami-efcd3a96;;;;;Glow;;10020200;;;NO24x7;;;i-0fd3dd21aed87abb4
EC2 Image;eu-west-1;ami-f038c789;;;;;Glow;10020200;;;;NO24x7;;7006094977;i-0fd3dd21aed87abb4
EC2 Image;eu-west-1;ami-f409ce8d;;;;;Glow;10020200;;;;NO24x7;;7006094977;i-0eac0c8fcc178d3b7
EC2 Image;eu-west-1;ami-f509ce8c;;;;;Glow;10020200;;;;NO24x7;;7006094977;i-054c54352cd811715
EC2 Image;eu-west-1;ami-f609ce8f;;;;;Glow;10020200;;;;NO24x7;;7006094977;i-06b880fe1eb6722fb
EC2 Image;eu-west-1;ami-f74eba8e;;;;;Glow;;10020200;;;NO24x7;;;i-0eac0c8fcc178d3b7
EC2 Image;eu-west-1;ami-f86a9a81;;;;;Glow;10020200;;;;NO24x7;;7006094977;i-00326ac2e32facbc5
EC2 Image;eu-west-1;ami-f8d42181;;;;;Glow;;10020200;;;NO24x7;;;i-08d8e345d49035081
EC2 Image;eu-west-1;ami-f9f60780;;;;;Glow;;10020200;;;NO24x7;;;i-00326ac2e32facbc5
EC2 Image;eu-west-1;ami-fb43bb82;;;;;Glow;10020200;;;;NO24x7;;7006094977;i-0cfd4c7f83434cbfe
EC2 Image;eu-west-1;ami-fc824585;;;;;Glow;10020200;;;;NO24x7;;7006094977;i-06b880fe1eb6722fb
EC2 Image;eu-west-1;ami-fd824584;;;;;Glow;10020200;;;;NO24x7;;7006094977;i-0fd3dd21aed87abb4
EC2 Image;eu-west-1;ami-fe23c887;;;;;Glow;;10020200;;;NO24x7;;;i-054c54352cd811715
EC2 Image;eu-west-1;ami-feaf6a87;;;;;Glow;10020200;;;;NO24x7;;7006094977;i-08d8e345d49035081
EC2 Image;eu-west-1;ami-ff8d7186;;;;;Glow;10020200;;;;NO24x7;;7006094977;i-08d8e345d49035081
EC2 Instance;eu-west-1;i-08d8e345d49035081;melia-aws-int-ec2-glow-microintellisrv01;arn:aws:cloudformation:eu-west-1:971613676897:stack/melia-glow-int-EC2-1SK7C8MSZEIXA/e6cb8560-3c74-11e7-9f04-50a686342629;MicroIntelliSRV2;melia-glow-int-EC2-1SK7C8MSZEIXA;Glow;10020200;;ebiappaw1int01.solmelia.corp;;NO24x7;;7006094977;
EC2 Instance;eu-west-1;i-0fd3dd21aed87abb4;melia-aws-int-ec2-glow-pentahosrv00;arn:aws:cloudformation:eu-west-1:971613676897:stack/melia-glow-int-EC2-1SK7C8MSZEIXA/e6cb8560-3c74-11e7-9f04-50a686342629;PentahoSRV;melia-glow-int-EC2-1SK7C8MSZEIXA;Glow;10020200;;etlappaw1int00.solmelia.corp;;NO24x7;;7006094977;
EC2 Instance;eu-west-1;i-06b880fe1eb6722fb;melia-aws-int-ec2-glow-microintellisrv00;arn:aws:cloudformation:eu-west-1:971613676897:stack/melia-glow-int-EC2-1SK7C8MSZEIXA/e6cb8560-3c74-11e7-9f04-50a686342629;MicroIntelliSRV;melia-glow-int-EC2-1SK7C8MSZEIXA;Glow;10020200;;ebiappaw1int00.solmelia.corp;;NO24x7;;7006094977;
EC2 Instance;eu-west-1;i-054c54352cd811715;melia-aws-int-ec2-glow-mstrwebserver00;arn:aws:cloudformation:eu-west-1:971613676897:stack/melia-glow-int-EC2-1SK7C8MSZEIXA/e6cb8560-3c74-11e7-9f04-50a686342629;MicroWebserver;melia-glow-int-EC2-1SK7C8MSZEIXA;Glow;10020200;;ebiwebaw1int00.solmelia.corp;;NO24x7;;7006094977;
EC2 Instance;eu-west-1;i-0eac0c8fcc178d3b7;melia-aws-int-ec2-glow-mstrwebserver01;arn:aws:cloudformation:eu-west-1:971613676897:stack/melia-glow-int-EC2-1SK7C8MSZEIXA/e6cb8560-3c74-11e7-9f04-50a686342629;MicroWebserver2;melia-glow-int-EC2-1SK7C8MSZEIXA;Glow;10020200;;ebiwebaw1int01.solmelia.corp;;NO24x7;;7006094977;
EC2 Instance;eu-west-1;i-0cfd4c7f83434cbfe;melia-aws-int-ec2-glow-nat;arn:aws:cloudformation:eu-west-1:971613676897:stack/melia-glow-int-EC2-1SK7C8MSZEIXA/e6cb8560-3c74-11e7-9f04-50a686342629;Nat;melia-glow-int-EC2-1SK7C8MSZEIXA;Glow;10020200;;nataw1int.solmelia.corp;;NO24x7;;7006094977;
EC2 Instance;eu-west-1;i-00326ac2e32facbc5;melia-aws-int-ec2-glow-pentahosrv01;arn:aws:cloudformation:eu-west-1:971613676897:stack/melia-glow-int-EC2-1SK7C8MSZEIXA/e6cb8560-3c74-11e7-9f04-50a686342629;PentahoSRV2;melia-glow-int-EC2-1SK7C8MSZEIXA;Glow;10020200;;etlappaw1int01.solmelia.corp;;NO24x7;;7006094977;
EC2 Network Interface;eu-west-1;eni-b68d9a8c;;;;;Glow;10020200;;;;;;7006094977;
EC2 Network Interface;eu-west-1;eni-d6d7b4e9;;;;;;;;;;;;;
EC2 Network Interface;eu-west-1;eni-8d6c4281;;;;;Glow;10020200;;;;;;7006094977;
EC2 Network Interface;eu-west-1;eni-968b9cac;melia-aws-int-eni-glow-microintellisrv00;;;;Glow;10020200;;;;;;7006094977;
EC2 Network Interface;eu-west-1;eni-f45a85f5;;;;;;;;;;;;;
EC2 Network Interface;eu-west-1;eni-fe77aaff;;;;;;;;;;;;;
EC2 Network Interface;eu-west-1;eni-356b4539;melia-aws-int-eni-glow-microintellisrv01;;;;Glow;10020200;;;;;;7006094977;
EC2 Network Interface;eu-west-1;eni-9c171290;;;;;Glow;10020200;;;;;;7006094977;
EC2 Network Interface;eu-west-1;eni-4721ab78;;;;;;;;;;;;;
EC2 Network Interface;eu-west-1;eni-04a77705;;;;;;;;;;;;;
EC2 Network Interface;eu-west-1;eni-20bf6f21;;;;;;;;;;;;;
EC2 Network Interface;eu-west-1;eni-aa6b45a6;;;;;Glow;10020200;;;;;;7006094977;
EC2 Network Interface;eu-west-1;eni-14e7842b;;;;;;;;;;;;;
EC2 Network Interface;eu-west-1;eni-89899eb3;;;;;Glow;10020200;;;;;;7006094977;
EC2 Network Interface;eu-west-1;eni-8da2728c;;;;;;;;;;;;;
EC2 Network Interface;eu-west-1;eni-1ea2721f;;;;;;;;;;;;;
EC2 Network Interface;eu-west-1;eni-2203dc23;;;;;;;;;;;;;
EC2 Network Interface;eu-west-1;eni-29c62a14;;;;;Glow;10020200;;;;;;7006094977;
EC2 Network Interface;eu-west-1;eni-1da5751c;;;;;;;;;;;;;
EC2 Network Interface;eu-west-1;eni-ad819697;;;;;Glow;10020200;;;;;;7006094977;
EC2 Security Group;eu-west-1;default (sg-11307d68);;;;;;NULL;;;;;;NULL;
EC2 Security Group;eu-west-1;melia-glow-int-SG-AK49E9YBMCP1-NatSG-JYTKGXSI11OJ (sg-1b2c0f62);nat-sg;arn:aws:cloudformation:eu-west-1:971613676897:stack/melia-glow-int-SG-AK49E9YBMCP1/9f1b0330-3c74-11e7-a4fc-500c3d3c2c9a;NatSG;melia-glow-int-SG-AK49E9YBMCP1;Glow;10020200;;;;;;7006094977;
EC2 Security Group;eu-west-1;melia-aws-int-sg-pentahoElb (sg-661d531e);melia-aws-int-sg-pentahoElb;;;;;;;;;;;;
EC2 Security Group;eu-west-1;melia-glow-int-SG-efs (sg-8a8aa2f3);efs-sg;;;;Glow;10020200;;;;;;7006094977;
EC2 Security Group;eu-west-1;melia-glow-int-SG-elb (sg-9492baed);elb-sg;;;;Glow;10020200;;;;;;7006094977;
EC2 Security Group;eu-west-1;melia-glow-int-SG-AK49E9YBMCP1-MicroIntelliSRVSG-11WEVPJBDQJRX (sg-9b3013e2);microintellisrv-sg;arn:aws:cloudformation:eu-west-1:971613676897:stack/melia-glow-int-SG-AK49E9YBMCP1/9f1b0330-3c74-11e7-a4fc-500c3d3c2c9a;MicroIntelliSRVSG;melia-glow-int-SG-AK49E9YBMCP1;Glow;10020200;;;;;;7006094977;
EC2 Security Group;eu-west-1;default (sg-aa3310d3);;;;;;NULL;;;;;;NULL;
EC2 Security Group;eu-west-1;melia-glow-int-SG-AK49E9YBMCP1-RDSSG-4PEZGH4X85MW (sg-d93714a0);rds-sg;arn:aws:cloudformation:eu-west-1:971613676897:stack/melia-glow-int-SG-AK49E9YBMCP1/9f1b0330-3c74-11e7-a4fc-500c3d3c2c9a;RDSSG;melia-glow-int-SG-AK49E9YBMCP1;Glow;10020200;;;;;;7006094977;
EC2 Security Group;eu-west-1;melia-glow-int-SG-AK49E9YBMCP1-RedshiftSG-HEC1VDOWETC6 (sg-de3211a7);redshift-sg;arn:aws:cloudformation:eu-west-1:971613676897:stack/melia-glow-int-SG-AK49E9YBMCP1/9f1b0330-3c74-11e7-a4fc-500c3d3c2c9a;RedshiftSG;melia-glow-int-SG-AK49E9YBMCP1;Glow;10020200;;;;;;7006094977;
EC2 Security Group;eu-west-1;melia-glow-int-SG-AK49E9YBMCP1-MicroWebserverSG-NRS7TWVM785H (sg-e432119d);microintelliwebserver-sg;arn:aws:cloudformation:eu-west-1:971613676897:stack/melia-glow-int-SG-AK49E9YBMCP1/9f1b0330-3c74-11e7-a4fc-500c3d3c2c9a;MicroWebserverSG;melia-glow-int-SG-AK49E9YBMCP1;Glow;10020200;;;;;;7006094977;
EC2 Security Group;eu-west-1;melia-glow-int-SG-AK49E9YBMCP1-PentahoSRVSG-WW3TD9KVS5B3 (sg-e532119c);pentahosrv-sg;arn:aws:cloudformation:eu-west-1:971613676897:stack/melia-glow-int-SG-AK49E9YBMCP1/9f1b0330-3c74-11e7-a4fc-500c3d3c2c9a;PentahoSRVSG;melia-glow-int-SG-AK49E9YBMCP1;Glow;10020200;;;;;;7006094977;
EC2 Snapshot;eu-west-1;snap-096ecfd332265a5cb;;;;;Glow;10020200;;;;NO24x7;;7006094977;
EC2 Snapshot;eu-west-1;snap-02635ec763edd4ad4;;;;;Glow;10020200;;;;NO24x7;;7006094977;
EC2 Snapshot;eu-west-1;snap-01421618abdb8ec98;;;;;Glow;10020200;;;;NO24x7;;7006094977;
EC2 Snapshot;eu-west-1;snap-051caa007512cbb2a;;;;;Glow;10020200;;;;NO24x7;;7006094977;
EC2 Snapshot;eu-west-1;snap-098acdcab5faab2c5;;;;;Glow;10020200;;;;NO24x7;;7006094977;
EC2 Snapshot;eu-west-1;snap-05e1e67fe5a9bec53;;;;;Glow;10020200;;;;NO24x7;;7006094977;
EC2 Snapshot;eu-west-1;snap-0317283d029266f45;;;;;Glow;10020200;;;;NO24x7;;7006094977;
EC2 Snapshot;eu-west-1;snap-0f9182491276dede1;;;;;Glow;10020200;;;;NO24x7;;7006094977;
EC2 Snapshot;eu-west-1;snap-02019c72592d6e170;;;;;Glow;10020200;;;;NO24x7;;7006094977;
EC2 Snapshot;eu-west-1;snap-0dbbcc4c65ef5f932;;;;;Glow;10020200;;;;NO24x7;;7006094977;
EC2 Snapshot;eu-west-1;snap-0f9fea1437e13bbf2;;;;;Glow;10020200;;;;NO24x7;;7006094977;
EC2 Snapshot;eu-west-1;snap-085b357e5c8ab8839;;;;;Glow;10020200;;;;NO24x7;;7006094977;
EC2 Snapshot;eu-west-1;snap-0394d52220457ec71;;;;;Glow;10020200;;;;NO24x7;;7006094977;
EC2 Snapshot;eu-west-1;snap-0d95268304fd62806;;;;;Glow;10020200;;;;NO24x7;;7006094977;
EC2 Snapshot;eu-west-1;snap-0e57c56e669693179;;;;;Glow;10020200;;;;NO24x7;;7006094977;
EC2 Snapshot;eu-west-1;snap-004d82bf086221542;;;;;Glow;10020200;;;;NO24x7;;7006094977;
EC2 Snapshot;eu-west-1;snap-0993001df883bb8b0;;;;;Glow;10020200;;;;NO24x7;;7006094977;
EC2 Snapshot;eu-west-1;snap-040eecf232285a034;;;;;Glow;10020200;;;;NO24x7;;7006094977;
EC2 Snapshot;eu-west-1;snap-0a758f9024641bf1e;;;;;Glow;10020200;;;;NO24x7;;7006094977;
EC2 Snapshot;eu-west-1;snap-070be51c6e5a20a7d;;;;;Glow;10020200;;;;NO24x7;;7006094977;
EC2 Snapshot;eu-west-1;snap-082e049fd0036695c;;;;;Glow;10020200;;;;NO24x7;;7006094977;
EC2 Snapshot;eu-west-1;snap-0c8fbbaf75184d043;;;;;Glow;10020200;;;;NO24x7;;7006094977;
EC2 Snapshot;eu-west-1;snap-077e4106833bc59e3;;;;;Glow;10020200;;;;NO24x7;;7006094977;
EC2 Snapshot;eu-west-1;snap-0bbf5fdde8dd42959;;;;;Glow;10020200;;;;NO24x7;;7006094977;
EC2 Snapshot;eu-west-1;snap-003dd05b0ad7259b6;;;;;Glow;10020200;;;;NO24x7;;7006094977;
EC2 Snapshot;eu-west-1;snap-06a538e6ac1cf9b5d;;;;;Glow;10020200;;;;NO24x7;;7006094977;
EC2 Snapshot;eu-west-1;snap-0c9d90834eba5f41c;;;;;Glow;10020200;;;;NO24x7;;7006094977;
EC2 Snapshot;eu-west-1;snap-0f55f88c444c6a42e;;;;;Glow;10020200;;;;NO24x7;;7006094977;
EC2 Snapshot;eu-west-1;snap-08e9fef558badf9a5;;;;;Glow;10020200;;;;NO24x7;;7006094977;
EC2 Snapshot;eu-west-1;snap-037e696567f8d301a;;;;;Glow;10020200;;;;NO24x7;;7006094977;
EC2 Snapshot;eu-west-1;snap-04d2b1be55b3ec90c;;;;;Glow;10020200;;;;NO24x7;;7006094977;
EC2 Snapshot;eu-west-1;snap-06bd559371f9dbbe1;;;;;Glow;10020200;;;;NO24x7;;7006094977;
EC2 Snapshot;eu-west-1;snap-04b7f956b355d1120;;;;;Glow;10020200;;;;NO24x7;;7006094977;
EC2 Snapshot;eu-west-1;snap-0e1bb2d758cdf4a15;;;;;Glow;10020200;;;;NO24x7;;7006094977;
EC2 Snapshot;eu-west-1;snap-06fd5f21d33fe5151;;;;;Glow;10020200;;;;NO24x7;;7006094977;
EC2 Snapshot;eu-west-1;snap-0d29afce00e0caa91;;;;;Glow;10020200;;;;NO24x7;;7006094977;
EC2 Snapshot;eu-west-1;snap-0732741f75b67ab5f;;;;;Glow;10020200;;;;NO24x7;;7006094977;
EC2 Snapshot;eu-west-1;snap-0ac3455468352cf4d;;;;;Glow;10020200;;;;NO24x7;;7006094977;
EC2 Snapshot;eu-west-1;snap-0c604789e9b418135;;;;;Glow;10020200;;;;NO24x7;;7006094977;
EC2 Snapshot;eu-west-1;snap-0ba053c6608da1277;;;;;Glow;10020200;;;;NO24x7;;7006094977;
EC2 Snapshot;eu-west-1;snap-050d825f9324620ce;;;;;Glow;10020200;;;;NO24x7;;7006094977;
EC2 Snapshot;eu-west-1;snap-07173795d01907741;;;;;Glow;10020200;;;;NO24x7;;7006094977;
EC2 Snapshot;eu-west-1;snap-0e0f2cb0fb2ae51f3;;;;;Glow;10020200;;;;NO24x7;;7006094977;
EC2 Snapshot;eu-west-1;snap-0818db5fa86b05637;;;;;Glow;10020200;;;;NO24x7;;7006094977;
EC2 Snapshot;eu-west-1;snap-0eb2ac8d7ebd7d8b4;;;;;Glow;10020200;;;;NO24x7;;7006094977;
EC2 Snapshot;eu-west-1;snap-0b5c9ea21c1c801f6;;;;;Glow;10020200;;;;NO24x7;;7006094977;
EC2 Snapshot;eu-west-1;snap-0b5362f57846109b6;;;;;Glow;10020200;;;;NO24x7;;7006094977;
EC2 Snapshot;eu-west-1;snap-05a9f5429f2b67418;;;;;Glow;10020200;;;;NO24x7;;7006094977;
EC2 Snapshot;eu-west-1;snap-0041724f9836616b9;;;;;Glow;10020200;;;;NO24x7;;7006094977;
EC2 Snapshot;eu-west-1;snap-051aacfe7ca34c45b;;;;;Glow;10020200;;;;NO24x7;;7006094977;
EC2 Snapshot;eu-west-1;snap-0f22b05d86d25f018;;;;;Glow;10020200;;;;NO24x7;;7006094977;
EC2 Snapshot;eu-west-1;snap-0454dffaa69713065;;;;;Glow;10020200;;;;NO24x7;;7006094977;
EC2 Snapshot;eu-west-1;snap-0a38ff3ca8f5fee63;;;;;Glow;10020200;;;;NO24x7;;7006094977;
EC2 Snapshot;eu-west-1;snap-0c18fc8efa0aeae6e;;;;;Glow;10020200;;;;NO24x7;;7006094977;
EC2 Snapshot;eu-west-1;snap-096905e1cc33587a2;;;;;Glow;10020200;;;;NO24x7;;7006094977;
EC2 Snapshot;eu-west-1;snap-069d0566820c2824b;;;;;Glow;10020200;;;;NO24x7;;7006094977;
EC2 Snapshot;eu-west-1;snap-09ad260e20ac0f08d;;;;;Glow;10020200;;;;NO24x7;;7006094977;
EC2 Snapshot;eu-west-1;snap-0cde1aa11f16ed71a;;;;;Glow;10020200;;;;NO24x7;;7006094977;
EC2 Snapshot;eu-west-1;snap-0d5639e63c8c4b344;;;;;Glow;10020200;;;;NO24x7;;7006094977;
EC2 Snapshot;eu-west-1;snap-0e6e3387ff687bd48;;;;;Glow;10020200;;;;NO24x7;;7006094977;
EC2 Snapshot;eu-west-1;snap-06286fa1450bba3b1;;;;;Glow;10020200;;;;NO24x7;;7006094977;
EC2 Snapshot;eu-west-1;snap-002e9bc70f2c31da3;;;;;Glow;10020200;;;;NO24x7;;7006094977;
EC2 Snapshot;eu-west-1;snap-010fcd4a12683dc70;;;;;Glow;10020200;;;;NO24x7;;7006094977;
EC2 Snapshot;eu-west-1;snap-0a7879d25bf325c5d;;;;;Glow;10020200;;;;NO24x7;;7006094977;
EC2 Snapshot;eu-west-1;snap-09a5457fcc2706be5;;;;;Glow;10020200;;;;NO24x7;;7006094977;
EC2 Snapshot;eu-west-1;snap-0ed2c1c8d2f129803;;;;;Glow;10020200;;;;NO24x7;;7006094977;
EC2 Snapshot;eu-west-1;snap-07dde1ad11a2adefe;;;;;Glow;10020200;;;;NO24x7;;7006094977;
EC2 Snapshot;eu-west-1;snap-0c777644e6d3126ce;;;;;Glow;10020200;;;;NO24x7;;7006094977;
EC2 Snapshot;eu-west-1;snap-00d1b24a42ae0b584;;;;;Glow;10020200;;;;NO24x7;;7006094977;
EC2 Snapshot;eu-west-1;snap-0b86febff6f10369d;;;;;Glow;10020200;;;;NO24x7;;7006094977;
EC2 Snapshot;eu-west-1;snap-059ece4dfc1ba4f87;;;;;Glow;10020200;;;;NO24x7;;7006094977;
EC2 Snapshot;eu-west-1;snap-0c09a6dc0723ab9ae;;;;;Glow;10020200;;;;NO24x7;;7006094977;
EC2 Snapshot;eu-west-1;snap-073ed9044803c722c;;;;;Glow;10020200;;;;NO24x7;;7006094977;
EC2 Snapshot;eu-west-1;snap-03591e68d90c8b448;;;;;Glow;10020200;;;;NO24x7;;7006094977;
EC2 Snapshot;eu-west-1;snap-0043526afe12a795b;;;;;Glow;10020200;;;;NO24x7;;7006094977;
EC2 Snapshot;eu-west-1;snap-0c08593d507704633;;;;;Glow;10020200;;;;NO24x7;;7006094977;
EC2 Snapshot;eu-west-1;snap-06d283e8c56265bb1;;;;;Glow;10020200;;;;NO24x7;;7006094977;
EC2 Snapshot;eu-west-1;snap-01875e42c0839c378;;;;;Glow;10020200;;;;NO24x7;;7006094977;
EC2 Snapshot;eu-west-1;snap-028b47f216f83e88d;;;;;Glow;10020200;;;;NO24x7;;7006094977;
EC2 Snapshot;eu-west-1;snap-09cac2ea837183ddd;;;;;Glow;10020200;;;;NO24x7;;7006094977;
EC2 Snapshot;eu-west-1;snap-0e764434c7f4413db;;;;;Glow;10020200;;;;NO24x7;;7006094977;
EC2 Snapshot;eu-west-1;snap-044af8b80667ca20e;;;;;Glow;10020200;;;;NO24x7;;7006094977;
EC2 Snapshot;eu-west-1;snap-0fb04a270cac0ac17;;;;;Glow;10020200;;;;NO24x7;;7006094977;
EC2 Snapshot;eu-west-1;snap-0a9be555b5e57b321;;;;;Glow;10020200;;;;NO24x7;;7006094977;
EC2 Snapshot;eu-west-1;snap-06860c1dbd35c2315;;;;;Glow;10020200;;;;NO24x7;;7006094977;
EC2 Snapshot;eu-west-1;snap-093eba6fcd37f01b5;;;;;Glow;10020200;;;;NO24x7;;7006094977;
EC2 Snapshot;eu-west-1;snap-021303a6bec0ec030;;;;;Glow;10020200;;;;NO24x7;;7006094977;
EC2 Snapshot;eu-west-1;snap-05565eb9972743694;;;;;Glow;10020200;;;;NO24x7;;7006094977;
EC2 Snapshot;eu-west-1;snap-05d46d7da20fa8eec;;;;;Glow;10020200;;;;NO24x7;;7006094977;
EC2 Snapshot;eu-west-1;snap-06f1fe27e0904d46c;;;;;Glow;10020200;;;;NO24x7;;7006094977;
EC2 Snapshot;eu-west-1;snap-0b888a5b7168116ae;;;;;Glow;10020200;;;;NO24x7;;7006094977;
EC2 Snapshot;eu-west-1;snap-025a4c70f870f7564;;;;;Glow;10020200;;;;NO24x7;;7006094977;
EC2 Snapshot;eu-west-1;snap-07dc56e44ec0985ba;;;;;Glow;10020200;;;;NO24x7;;7006094977;
EC2 Snapshot;eu-west-1;snap-001ecfbc453c2ed26;;;;;Glow;10020200;;;;NO24x7;;7006094977;
EC2 Snapshot;eu-west-1;snap-078088164367a5a98;;;;;Glow;10020200;;;;NO24x7;;7006094977;
EC2 Snapshot;eu-west-1;snap-0b3ce4a8514a1c017;;;;;Glow;10020200;;;;NO24x7;;7006094977;
EC2 Snapshot;eu-west-1;snap-0fdcbebf554705b34;;;;;Glow;10020200;;;;NO24x7;;7006094977;
EC2 Snapshot;eu-west-1;snap-04335650c7e7919b9;;;;;Glow;10020200;;;;NO24x7;;7006094977;
EC2 Snapshot;eu-west-1;snap-0eaa1093b0e88ca78;;;;;Glow;10020200;;;;NO24x7;;7006094977;
EC2 Snapshot;eu-west-1;snap-0c4222a7edd83eccb;;;;;Glow;10020200;;;;NO24x7;;7006094977;
EC2 Snapshot;eu-west-1;snap-0dd30ef0758bb84cd;;;;;Glow;10020200;;;;;;7006094977;
EC2 Snapshot;eu-west-1;snap-082fc63b1736d58b3;;;;;Glow;10020200;;;;;;7006094977;
EC2 Snapshot;eu-west-1;snap-0aaff048366ee6786;;;;;Glow;10020200;;;;;;7006094977;
EC2 Snapshot;eu-west-1;snap-057d2406059fd553f;;;;;Glow;10020200;;;;;;7006094977;
EC2 Snapshot;eu-west-1;snap-02181a5fac00a59e1;;;;;Glow;10020200;;;;;;7006094977;
EC2 Snapshot;eu-west-1;snap-0793a1adec13b9691;;;;;Glow;10020200;;;;NO24x7;;7006094977;
EC2 Snapshot;eu-west-1;snap-0aa5b438057e630bf;;;;;Glow;10020200;;;;;;7006094977;
EC2 Snapshot;eu-west-1;snap-027ce00fd36165fcf;;;;;Glow;10020200;;;;NO24x7;;7006094977;
EC2 Snapshot;eu-west-1;snap-07e9332626b275e8a;;;;;Glow;10020200;;;;;;7006094977;
EC2 Snapshot;eu-west-1;snap-0ae7f254286b9c0e9;;;;;Glow;10020200;;;;;;7006094977;
EC2 Snapshot;eu-west-1;snap-0dcfdd8b4a4317c73;;;;;Glow;10020200;;;;;;7006094977;
EC2 Snapshot;eu-west-1;snap-02ac88c7540af4cba;;;;;Glow;10020200;;;;;;7006094977;
EC2 Snapshot;eu-west-1;snap-0da515c1ca9519502;;;;;Glow;10020200;;;;;;7006094977;
EC2 Snapshot;eu-west-1;snap-0a887358487b22413;;;;;Glow;10020200;;;;;;7006094977;
EC2 Snapshot;eu-west-1;snap-0c97790dc4d78fb5e;;;;;Glow;10020200;;;;;;7006094977;
EC2 Snapshot;eu-west-1;snap-0d8e859ef89a84525;;;;;Glow;10020200;;;;;;7006094977;
EC2 Snapshot;eu-west-1;snap-061215157fcb961f8;;;;;Glow;10020200;;;;;;7006094977;
EC2 Snapshot;eu-west-1;snap-0af10440bacb2d554;;;;;Glow;10020200;;;;;;7006094977;
EC2 Snapshot;eu-west-1;snap-0ac54507fdede1fc0;;;;;Glow;10020200;;;;;;7006094977;
EC2 Snapshot;eu-west-1;snap-018e76e23371b3cdb;;;;;Glow;10020200;;;;;;7006094977;
EC2 Snapshot;eu-west-1;snap-0bb7dfb1843d2120a;;;;;Glow;10020200;;;;;;7006094977;
EC2 Snapshot;eu-west-1;snap-0b4f6eb91b05d711c;;;;;Glow;10020200;;;;;;7006094977;
EC2 Snapshot;eu-west-1;snap-0f39cf92de97c50de;;;;;Glow;10020200;;;;;;7006094977;
EC2 Snapshot;eu-west-1;snap-0a4a8d024252ef6db;;;;;Glow;10020200;;;;;;7006094977;
EC2 Snapshot;eu-west-1;snap-011ade22f486f1162;;;;;Glow;10020200;;;;;;7006094977;
EC2 Snapshot;eu-west-1;snap-009ced05e01170220;;;;;Glow;10020200;;;;;;7006094977;
EC2 Snapshot;eu-west-1;snap-0df0bc4360be69ee6;;;;;Glow;10020200;;;;;;7006094977;
EC2 Snapshot;eu-west-1;snap-09dec848e19528e74;;;;;Glow;10020200;;;;;;7006094977;
EC2 Snapshot;eu-west-1;snap-0dd17738aa5ac11ba;;;;;Glow;10020200;;;;;;7006094977;
EC2 Snapshot;eu-west-1;snap-0e35d4d2731ac5975;;;;;Glow;10020200;;;;;;7006094977;
EC2 Snapshot;eu-west-1;snap-028d51bab6174456b;;;;;Glow;10020200;;;;;;7006094977;
EC2 Snapshot;eu-west-1;snap-03031351cc0988a08;;;;;Glow;10020200;;;;;;7006094977;
EC2 Snapshot;eu-west-1;snap-0ac8385b54b300686;;;;;Glow;10020200;;;;;;7006094977;
EC2 Snapshot;eu-west-1;snap-0812213cfdbe95d64;;;;;Glow;10020200;;;;;;7006094977;
EC2 Snapshot;eu-west-1;snap-0bfa535308a0843b7;;;;;Glow;10020200;;;;;;7006094977;
EC2 Snapshot;eu-west-1;snap-00478b41052e5d9ba;;;;;Glow;10020200;;;;;;7006094977;
EC2 Snapshot;eu-west-1;snap-00118050555320154;;;;;Glow;10020200;;;;;;7006094977;
EC2 Snapshot;eu-west-1;snap-022ba2537e52d832f;;;;;Glow;10020200;;;;;;7006094977;
EC2 Snapshot;eu-west-1;snap-0fa8f471ce8269d5b;;;;;Glow;10020200;;;;;;7006094977;
EC2 Snapshot;eu-west-1;snap-071e916c91213d619;;;;;Glow;10020200;;;;;;7006094977;
EC2 Snapshot;eu-west-1;snap-0d729f6784ee181d3;;;;;Glow;10020200;;;;;;7006094977;
EC2 Snapshot;eu-west-1;snap-0b1df8098262e63e3;;;;;Glow;10020200;;;;;;7006094977;
EC2 Snapshot;eu-west-1;snap-051c5aec3d98951a3;;;;;Glow;10020200;;;;;;7006094977;
EC2 Snapshot;eu-west-1;snap-0393a1f0fc2b2d773;;;;;Glow;10020200;;;;;;7006094977;
EC2 Snapshot;eu-west-1;snap-0d9b2cde7550eb053;;;;;Glow;10020200;;;;;;7006094977;
EC2 Snapshot;eu-west-1;snap-020b0418a82d6ed41;;;;;Glow;10020200;;;;;;7006094977;
EC2 Snapshot;eu-west-1;snap-065be80b511b6401d;;;;;Glow;10020200;;;;;;7006094977;
EC2 Snapshot;eu-west-1;snap-0cb1beeb3bc5828a2;;;;;Glow;10020200;;;;;;7006094977;
EC2 Snapshot;eu-west-1;snap-0919ac655182cc828;;;;;Glow;10020200;;;;;;7006094977;
EC2 Snapshot;eu-west-1;snap-0427be26281526365;;;;;Glow;10020200;;;;;;7006094977;
EC2 Snapshot;eu-west-1;snap-06df836edfe60cf95;;;;;Glow;10020200;;;;;;7006094977;
EC2 Snapshot;eu-west-1;snap-0b4c109712c22d929;;;;;Glow;10020200;;;;;;7006094977;
EC2 Snapshot;eu-west-1;snap-0de010a00a588130d;;;;;Glow;10020200;;;;;;7006094977;
EC2 Snapshot;eu-west-1;snap-07be51e9132574499;;;;;Glow;10020200;;;;;;7006094977;
EC2 Snapshot;eu-west-1;snap-0b43b5672ba15abc5;;;;;Glow;10020200;;;;;;7006094977;
EC2 Snapshot;eu-west-1;snap-0563c6f4cfb819792;;;;;Glow;10020200;;;;;;7006094977;
EC2 Snapshot;eu-west-1;snap-0824103afcb3966a9;;;;;Glow;10020200;;;;;;7006094977;
EC2 Snapshot;eu-west-1;snap-00b395eb09ec7e08a;;;;;Glow;10020200;;;;;;7006094977;
EC2 Snapshot;eu-west-1;snap-052de5d378991e03f;;;;;Glow;10020200;;;;;;7006094977;
EC2 Snapshot;eu-west-1;snap-00aef620ac6be2797;;;;;Glow;10020200;;;;;;7006094977;
EC2 Snapshot;eu-west-1;snap-00e9b134629bcc6ae;;;;;Glow;10020200;;;;;;7006094977;
EC2 Snapshot;eu-west-1;snap-0c93ddc22b4c94f7b;;;;;Glow;10020200;;;;;;7006094977;
EC2 Snapshot;eu-west-1;snap-0015f62275469f6ff;;;;;Glow;10020200;;;;;;7006094977;
EC2 Snapshot;eu-west-1;snap-05a68e2848b706107;;;;;Glow;10020200;;;;;;7006094977;
EC2 Snapshot;eu-west-1;snap-043a0440368888a0e;;;;;Glow;10020200;;;;;;7006094977;
EC2 Snapshot;eu-west-1;snap-082728b257f55a901;;;;;Glow;10020200;;;;;;7006094977;
EC2 Snapshot;eu-west-1;snap-0437c3fa75d6abbb1;;;;;Glow;10020200;;;;;;7006094977;
EC2 Snapshot;eu-west-1;snap-0508403807bbc91cc;;;;;Glow;10020200;;;;;;7006094977;
EC2 Snapshot;eu-west-1;snap-095d6af728d746bc6;;;;;Glow;10020200;;;;;;7006094977;
EC2 Snapshot;eu-west-1;snap-0baeba77a350d36de;;;;;Glow;10020200;;;;;;7006094977;
EC2 Snapshot;eu-west-1;snap-09cbbbe53f50b148d;;;;;Glow;10020200;;;;;;7006094977;
EC2 Snapshot;eu-west-1;snap-00b3919deba5e551a;;;;;Glow;10020200;;;;;;7006094977;
EC2 Snapshot;eu-west-1;snap-06392671c2ce595a0;;;;;Glow;10020200;;;;;;7006094977;
EC2 Snapshot;eu-west-1;snap-03278db120eb8a57f;;;;;Glow;10020200;;;;;;7006094977;
EC2 Snapshot;eu-west-1;snap-05f30eb3287195d35;;;;;Glow;10020200;;;;;;7006094977;
EC2 Snapshot;eu-west-1;snap-09092b97a23422fe0;;;;;Glow;10020200;;;;;;7006094977;
EC2 Snapshot;eu-west-1;snap-06a904877b8f9f07b;;;;;Glow;10020200;;;;;;7006094977;
EC2 Snapshot;eu-west-1;snap-0b22e2db7f22a7d3b;;;;;Glow;10020200;;;;;;7006094977;
EC2 Snapshot;eu-west-1;snap-02ee8ea2302757b32;;;;;Glow;10020200;;;;;;7006094977;
EC2 Snapshot;eu-west-1;snap-06a5c66b972d47634;;;;;Glow;10020200;;;;;;7006094977;
EC2 Snapshot;eu-west-1;snap-055e5ae2d3108d14b;;;;;Glow;10020200;;;;;;7006094977;
EC2 Snapshot;eu-west-1;snap-0ae23a57e92a936e7;;;;;Glow;10020200;;;;;;7006094977;
EC2 Snapshot;eu-west-1;snap-08701255960504796;;;;;Glow;10020200;;;;;;7006094977;
EC2 Snapshot;eu-west-1;snap-03bf39d787213b2d6;;;;;Glow;10020200;;;;;;7006094977;
EC2 Snapshot;eu-west-1;snap-02c41f1eeeb198e84;;;;;Glow;10020200;;;;;;7006094977;
EC2 Snapshot;eu-west-1;snap-0825b8bbe1c4c04ab;;;;;Glow;10020200;;;;;;7006094977;
EC2 Snapshot;eu-west-1;snap-0a52b9b6b6f1952e4;;;;;Glow;10020200;;;;;;7006094977;
EC2 Snapshot;eu-west-1;snap-0fb7db61563901ecd;;;;;Glow;10020200;;;;;;7006094977;
EC2 Snapshot;eu-west-1;snap-05d6a47a66c51d800;;;;;Glow;10020200;;;;;;7006094977;
EC2 Snapshot;eu-west-1;snap-03cf6a5c42e82566a;;;;;Glow;10020200;;;;;;7006094977;
EC2 Snapshot;eu-west-1;snap-0d29119de5ea2d35c;;;;;Glow;10020200;;;;;;7006094977;
EC2 Snapshot;eu-west-1;snap-000fb7698934d2091;;;;;Glow;10020200;;;;;;7006094977;
EC2 Snapshot;eu-west-1;snap-090ad6dd6fea22a38;;;;;Glow;10020200;;;;;;7006094977;
EC2 Snapshot;eu-west-1;snap-02e9a2b01f0ac503f;;;;;Glow;10020200;;;;;;7006094977;
EC2 Snapshot;eu-west-1;snap-056c5564c6018be18;;;;;Glow;10020200;;;;;;7006094977;
EC2 Snapshot;eu-west-1;snap-076e6af4d56e72933;;;;;Glow;10020200;;;;;;7006094977;
EC2 Snapshot;eu-west-1;snap-0ea8ce1fcff4ad0ef;;;;;Glow;10020200;;;;;;7006094977;
EC2 Snapshot;eu-west-1;snap-0d64c736110a284cf;;;;;Glow;10020200;;;;;;7006094977;
EC2 Snapshot;eu-west-1;snap-0a906f4886ad3fbb5;;;;;Glow;10020200;;;;;;7006094977;
EC2 Snapshot;eu-west-1;snap-0693cf3e06ff3d14d;melia-aws-int-snp-glow-mstrwebserver01;;;;Glow;10020200;;;;;;7006094977;
EC2 Snapshot;eu-west-1;snap-0041aca850e187001;;;;;Glow;10020200;;;;;;7006094977;
EC2 Snapshot;eu-west-1;snap-00970bcffc199ab6d;;;;;Glow;10020200;;;;;;7006094977;
EC2 Snapshot;eu-west-1;snap-0339ce53e61da14eb;;;;;Glow;10020200;;;;;;7006094977;
EC2 Snapshot;eu-west-1;snap-095d4b3d9d8bf6d6d;;;;;Glow;10020200;;;;;;7006094977;
EC2 Snapshot;eu-west-1;snap-09500afa02397a528;;;;;Glow;10020200;;;;;;7006094977;
EC2 Snapshot;eu-west-1;snap-0dec846b4b54a78fd;;;;;Glow;10020200;;;;;;7006094977;
EC2 Snapshot;eu-west-1;snap-05f52b01f881fd9c7;;;;;Glow;10020200;;;;;;7006094977;
EC2 Snapshot;eu-west-1;snap-079925e495e8193a4;;;;;Glow;10020200;;;;;;7006094977;
EC2 Snapshot;eu-west-1;snap-06fee191caf678f0b;;;;;Glow;10020200;;;;;;7006094977;
EC2 Snapshot;eu-west-1;snap-083996e8425a38ab1;melia-aws-int-snp-glow-pentahosrv00;;;;Glow;10020200;;;;;;7006094977;
EC2 Snapshot;eu-west-1;snap-01967322e8d3903e8;melia-aws-int-snp-glow-microintellisrv01;;;;Glow;10020200;;;;;;7006094977;
EC2 Snapshot;eu-west-1;snap-02c0a20ab18b7de9c;melia-aws-int-snp-glow-pentahosrv01;;;;Glow;10020200;;;;;;7006094977;
EC2 Snapshot;eu-west-1;snap-020a5fbce6538ff6b;melia-aws-int-snp-glow-mstrwebserver01;;;;Glow;10020200;;;;;;7006094977;
EC2 Snapshot;eu-west-1;snap-00c867b126216a097;melia-aws-int-snp-glow-pentahosrv00;;;;Glow;10020200;;;;;;7006094977;
EC2 Snapshot;eu-west-1;snap-03749558fb5a3b069;melia-aws-int-snp-glow-microintellisrv00;;;;Glow;10020200;;;;;;7006094977;
EC2 Snapshot;eu-west-1;snap-02015a61e88a0fc56;melia-aws-int-snp-glow-mstrwebserver00;;;;Glow;10020200;;;;;;7006094977;
EC2 Snapshot;eu-west-1;snap-0a4912e256902c58a;melia-aws-int-snp-glow-nat;;;;Glow;10020200;;;;;;7006094977;
EC2 Volume;eu-west-1;vol-02c1ddad9d0da8719;melia-aws-int-ebs-glow-pentahosrv01;;;;Glow;10020200;;;;;;7006094977;
EC2 Volume;eu-west-1;vol-01035c40cf92049ef;melia-aws-int-ebs-glow-microintellisrv01;;;;Glow;10020200;;;;;;7006094977;
EC2 Volume;eu-west-1;vol-054af560c36691c0d;melia-aws-int-ebs-glow-mstrwebserver01;;;;Glow;10020200;;;;;;7006094977;
EC2 Volume;eu-west-1;vol-0df4adf809db541ad;melia-aws-int-ebs-glow-nat;;;;Glow;10020200;;;;;;7006094977;
EC2 Volume;eu-west-1;vol-06fd19987e9bda80d;melia-aws-int-ebs-glow-pentahosrv00;;;;Glow;10020200;;;;;;7006094977;
EC2 Volume;eu-west-1;vol-0b9f7c662216e4845;melia-aws-int-ebs-glow-mstrwebserver00;;;;Glow;10020200;;;;;;7006094977;
EC2 Volume;eu-west-1;vol-0d206129e4a01c5d9;melia-aws-int-ebs-glow-microintellisrv00;;;;Glow;10020200;;;;;;7006094977;
RDS DB Instance;eu-west-1;melia-db-glow-int;;;;;Glow;10020200;;;;;;7006094977;
RDS Event Subscription;eu-west-1;melia-aws-lambda-int-LambdaRdsModify-15LHOP15L1H00-RDSEventSubscription-1J849LTNEKPZ3;;;;;Glow;10020200;;;;;;7006094977;
RDS Option Group;eu-west-1;default:mysql-5-6;;;;;;;;;;;;;
RDS Option Group;eu-west-1;melia-glow-int-rds-19vev10mscysq-optionsgroup-27e06qcoceqo;;arn:aws:cloudformation:eu-west-1:971613676897:stack/melia-glow-int-RDS-19VEV10MSCYSQ/e79935a0-3c74-11e7-8608-50faeb59c036;OptionsGroup;melia-glow-int-RDS-19VEV10MSCYSQ;Glow;10020200;;;;;;7006094977;
RDS Parameter Group;eu-west-1;default.mysql5.6;;;;;;;;;;;;;
RDS Parameter Group;eu-west-1;melia-glow-int-rds-19vev10mscysq-rdsdbparametergroup-1xi7mfu2zbq1z;;arn:aws:cloudformation:eu-west-1:971613676897:stack/melia-glow-int-RDS-19VEV10MSCYSQ/e79935a0-3c74-11e7-8608-50faeb59c036;RDSDBParameterGroup;melia-glow-int-RDS-19VEV10MSCYSQ;Glow;10020200;;;;;;7006094977;
RDS Security Group;eu-west-1;default;;;;;;;;;;;;;
RDS Snapshot;eu-west-1;melia-db-glow-int-20170727-193007;;;;;Glow;10020200;;;;;;7006094977;
RDS Snapshot;eu-west-1;melia-db-glow-int-20170728-193007;;;;;Glow;10020200;;;;;;7006094977;
RDS Snapshot;eu-west-1;melia-db-glow-int-20170731-193006;;;;;Glow;10020200;;;;;;7006094977;
RDS Snapshot;eu-west-1;melia-db-glow-int-20170801-193007;;;;;Glow;10020200;;;;;;7006094977;
RDS Snapshot;eu-west-1;melia-db-glow-int-20170802-193007;;;;;Glow;10020200;;;;;;7006094977;
RDS Snapshot;eu-west-1;melia-db-glow-int-20170803-193006;;;;;Glow;10020200;;;;;;7006094977;
RDS Snapshot;eu-west-1;melia-db-glow-int-20170804-193007;;;;;Glow;10020200;;;;;;7006094977;
RDS Snapshot;eu-west-1;melia-db-glow-int-20170807-193007;;;;;Glow;10020200;;;;;;7006094977;
RDS Snapshot;eu-west-1;melia-db-glow-int-20170808-193007;;;;;Glow;10020200;;;;;;7006094977;
RDS Snapshot;eu-west-1;melia-db-glow-int-20170809-193007;;;;;Glow;10020200;;;;;;7006094977;
RDS Snapshot;eu-west-1;melia-db-glow-int-20170810-193007;;;;;Glow;10020200;;;;;;7006094977;
RDS Snapshot;eu-west-1;melia-db-glow-int-20170811-193007;;;;;Glow;10020200;;;;;;7006094977;
RDS Snapshot;eu-west-1;melia-db-glow-int-20170814-193008;;;;;Glow;10020200;;;;;;7006094977;
RDS Snapshot;eu-west-1;melia-db-glow-int-20170815-193007;;;;;Glow;10020200;;;;;;7006094977;
RDS Snapshot;eu-west-1;melia-db-glow-int-20170816-193007;;;;;Glow;10020200;;;;;;7006094977;
RDS Snapshot;eu-west-1;melia-db-glow-int-20170817-193006;;;;;Glow;10020200;;;;;;7006094977;
RDS Snapshot;eu-west-1;melia-db-glow-int-20170818-122434;;;;;Glow;10020200;;;;;;7006094977;
RDS Snapshot;eu-west-1;melia-db-glow-int-20170818-125934;;;;;Glow;10020200;;;;;;7006094977;
RDS Snapshot;eu-west-1;melia-db-glow-int-20170821-193007;;;;;Glow;10020200;;;;;;7006094977;
RDS Snapshot;eu-west-1;melia-db-glow-int-20170822-110559;;;;;Glow;10020200;;;;;;7006094977;
RDS Snapshot;eu-west-1;melia-db-glow-int-20170822-193030;;;;;Glow;10020200;;;;;;7006094977;
RDS Snapshot;eu-west-1;melia-db-glow-int-20170825-112858;;;;;Glow;10020200;;;;;;7006094977;
RDS Snapshot;eu-west-1;melia-db-glow-int-20170828-193019;;;;;Glow;10020200;;;;;;7006094977;
RDS Snapshot;eu-west-1;melia-db-glow-int-20170829-193020;;;;;Glow;10020200;;;;;;7006094977;
RDS Snapshot;eu-west-1;melia-db-glow-int-20170830-193020;;;;;Glow;10020200;;;;;;7006094977;
RDS Snapshot;eu-west-1;melia-db-glow-int-20170831-193020;;;;;Glow;10020200;;;;;;7006094977;
RDS Snapshot;eu-west-1;melia-db-glow-int-20170901-193020;;;;;Glow;10020200;;;;;;7006094977;
RDS Snapshot;eu-west-1;melia-db-glow-int-20170904-193020;;;;;Glow;10020200;;;;;;7006094977;
RDS Snapshot;eu-west-1;melia-db-glow-int-20170905-193020;;;;;Glow;10020200;;;;;;7006094977;
RDS Snapshot;eu-west-1;melia-db-glow-int-20170906-193019;;;;;Glow;10020200;;;;;;7006094977;
RDS Snapshot;eu-west-1;rds:melia-db-glow-int-2017-09-07-06-14;;;;;Glow;10020200;;;;;;7006094977;
RDS Subnet Group;eu-west-1;melia-glow-int-rds-19vev10mscysq-rdssubnetgroup-1aj4blcg12dta;;arn:aws:cloudformation:eu-west-1:971613676897:stack/melia-glow-int-RDS-19VEV10MSCYSQ/e79935a0-3c74-11e7-8608-50faeb59c036;RDSSubnetGroup;melia-glow-int-RDS-19VEV10MSCYSQ;Glow;10020200;;;;;;7006094977;
Redshift Cluster;eu-west-1;melia-glow-int-redshift-1n3mxth6dhy5g-cluster-1p9ra4pzjmnu4;;;;;Glow;10020200;;;;;;7006094977;
Redshift Parameter Group;eu-west-1;default.redshift-1.0;;;;;;;;;;;;;
Redshift Parameter Group;eu-west-1;melia-glow-int-redshift-1n3mxth6dhy5g-parametergroup-bzlgn4jc0i2v;;;;;Glow;10020200;;;;;;7006094977;
Redshift Snapshot;eu-west-1;melia-glow-int-redshift-1n3mxth6dhy5g-cluster-1p9ra4pzjmnu4/rs:melia-glow-int-redshift-1n3mxth6dhy5g-cluster-1p9ra4pzjmnu4-2017-09-07-06-12-31;;;;;;;;;;;;;
Redshift Snapshot;eu-west-1;melia-glow-int-redshift-1n3mxth6dhy5g-cluster-1p9ra4pzjmnu4/rs:melia-glow-int-redshift-1n3mxth6dhy5g-cluster-1p9ra4pzjmnu4-2017-09-06-22-12-28;;;;;;;;;;;;;
Redshift Snapshot;eu-west-1;melia-glow-int-redshift-1n3mxth6dhy5g-cluster-1p9ra4pzjmnu4/rs:melia-glow-int-redshift-1n3mxth6dhy5g-cluster-1p9ra4pzjmnu4-2017-09-06-14-12-26;;;;;;;;;;;;;
Redshift Snapshot;eu-west-1;melia-glow-int-redshift-1n3mxth6dhy5g-cluster-1p9ra4pzjmnu4/rs:melia-glow-int-redshift-1n3mxth6dhy5g-cluster-1p9ra4pzjmnu4-2017-09-06-06-12-07;;;;;;;;;;;;;
Redshift Snapshot;eu-west-1;melia-glow-int-redshift-1n3mxth6dhy5g-cluster-1p9ra4pzjmnu4/melia-glow-int-redshift-1n3mxth6dhy5g-cluster-1p9ra4pzjmnu4-20170905-193020;;;;;;;;;;;;;
Redshift Snapshot;eu-west-1;melia-glow-int-redshift-1n3mxth6dhy5g-cluster-1p9ra4pzjmnu4/melia-glow-int-redshift-1n3mxth6dhy5g-cluster-1p9ra4pzjmnu4-20170904-193019;;;;;;;;;;;;;
Redshift Snapshot;eu-west-1;melia-glow-int-redshift-1n3mxth6dhy5g-cluster-1p9ra4pzjmnu4/melia-glow-int-redshift-1n3mxth6dhy5g-cluster-1p9ra4pzjmnu4-20170901-193020;;;;;;;;;;;;;
Redshift Snapshot;eu-west-1;melia-glow-int-redshift-1n3mxth6dhy5g-cluster-1p9ra4pzjmnu4/melia-glow-int-redshift-1n3mxth6dhy5g-cluster-1p9ra4pzjmnu4-20170831-193020;;;;;;;;;;;;;
Redshift Snapshot;eu-west-1;melia-glow-int-redshift-1n3mxth6dhy5g-cluster-1p9ra4pzjmnu4/melia-glow-int-redshift-1n3mxth6dhy5g-cluster-1p9ra4pzjmnu4-20170830-193020;;;;;;;;;;;;;
Redshift Snapshot;eu-west-1;melia-glow-int-redshift-1n3mxth6dhy5g-cluster-1p9ra4pzjmnu4/melia-glow-int-redshift-1n3mxth6dhy5g-cluster-1p9ra4pzjmnu4-20170829-193020;;;;;;;;;;;;;
Redshift Snapshot;eu-west-1;melia-glow-int-redshift-1n3mxth6dhy5g-cluster-1p9ra4pzjmnu4/melia-glow-int-redshift-1n3mxth6dhy5g-cluster-1p9ra4pzjmnu4-20170828-193020;;;;;;;;;;;;;
Redshift Snapshot;eu-west-1;melia-glow-int-redshift-1n3mxth6dhy5g-cluster-1p9ra4pzjmnu4/melia-glow-int-redshift-1n3mxth6dhy5g-cluster-1p9ra4pzjmnu4-20170825-112426;;;;;;;;;;;;;
Redshift Snapshot;eu-west-1;melia-glow-int-redshift-1n3mxth6dhy5g-cluster-1p9ra4pzjmnu4/melia-glow-int-redshift-1n3mxth6dhy5g-cluster-1p9ra4pzjmnu4-20170822-193029;;;;;Glow;10020200;;;;;;7006094977;
Redshift Snapshot;eu-west-1;melia-glow-int-redshift-1n3mxth6dhy5g-cluster-1p9ra4pzjmnu4/melia-glow-int-redshift-1n3mxth6dhy5g-cluster-1p9ra4pzjmnu4-20170822-110525;;;;;Glow;10020200;;;;;;7006094977;
Redshift Snapshot;eu-west-1;melia-glow-int-redshift-1n3mxth6dhy5g-cluster-1p9ra4pzjmnu4/melia-glow-int-redshift-1n3mxth6dhy5g-cluster-1p9ra4pzjmnu4-20170821-193007;;;;;Glow;10020200;;;;;;7006094977;
Redshift Snapshot;eu-west-1;melia-glow-int-redshift-1n3mxth6dhy5g-cluster-1p9ra4pzjmnu4/melia-glow-int-redshift-1n3mxth6dhy5g-cluster-1p9ra4pzjmnu4-20170818-125741;;;;;Glow;10020200;;;;;;7006094977;
Redshift Snapshot;eu-west-1;melia-glow-int-redshift-1n3mxth6dhy5g-cluster-1p9ra4pzjmnu4/melia-glow-int-redshift-1n3mxth6dhy5g-cluster-1p9ra4pzjmnu4-20170808-193007;;;;;Glow;10020200;;;;;;7006094977;
Redshift Snapshot;eu-west-1;melia-glow-int-redshift-1n3mxth6dhy5g-cluster-1p9ra4pzjmnu4/melia-glow-int-redshift-1n3mxth6dhy5g-cluster-1p9ra4pzjmnu4-20170807-193007;;;;;Glow;10020200;;;;;;7006094977;
Redshift Snapshot;eu-west-1;melia-glow-int-redshift-1n3mxth6dhy5g-cluster-1p9ra4pzjmnu4/melia-glow-int-redshift-1n3mxth6dhy5g-cluster-1p9ra4pzjmnu4-20170804-193007;;;;;Glow;10020200;;;;;;7006094977;
Redshift Snapshot;eu-west-1;melia-glow-int-redshift-1n3mxth6dhy5g-cluster-1p9ra4pzjmnu4/melia-glow-int-redshift-1n3mxth6dhy5g-cluster-1p9ra4pzjmnu4-20170803-193006;;;;;Glow;10020200;;;;;;7006094977;
Redshift Snapshot;eu-west-1;melia-glow-int-redshift-1n3mxth6dhy5g-cluster-1p9ra4pzjmnu4/melia-glow-int-redshift-1n3mxth6dhy5g-cluster-1p9ra4pzjmnu4-20170802-193007;;;;;Glow;10020200;;;;;;7006094977;
Redshift Snapshot;eu-west-1;melia-glow-int-redshift-1n3mxth6dhy5g-cluster-1p9ra4pzjmnu4/melia-glow-int-redshift-1n3mxth6dhy5g-cluster-1p9ra4pzjmnu4-20170801-193007;;;;;Glow;10020200;;;;;;7006094977;
Redshift Snapshot;eu-west-1;melia-glow-int-redshift-1n3mxth6dhy5g-cluster-1p9ra4pzjmnu4/melia-glow-int-redshift-1n3mxth6dhy5g-cluster-1p9ra4pzjmnu4-20170731-193006;;;;;Glow;10020200;;;;;;7006094977;
Redshift Snapshot;eu-west-1;melia-glow-int-redshift-1n3mxth6dhy5g-cluster-1p9ra4pzjmnu4/melia-glow-int-redshift-1n3mxth6dhy5g-cluster-1p9ra4pzjmnu4-20170728-193007;;;;;Glow;10020200;;;;;;7006094977;
Redshift Subnet Group;eu-west-1;melia-glow-int-redshift-1n3mxth6dhy5g-subnetgroup-1jpr9i1z0srqb;;;;;Glow;10020200;;;;;;7006094977;
S3 Bucket;eu-west-1;aws-athena-query-results-971613676897-eu-west-1;;;;;;;;;;;;;
S3 Bucket;eu-west-1;melia-cdr-int-serverlessdeploymentbucket-1uqqgvrwzvbip;;arn:aws:cloudformation:eu-west-1:971613676897:stack/melia-cdr-int/03646ae0-671b-11e7-bd58-50a6863424c5;ServerlessDeploymentBucket;melia-cdr-int;;;;;;;int;;
S3 Bucket;eu-west-1;melia-cdr-config-int;;arn:aws:cloudformation:eu-west-1:971613676897:stack/melia-glow-int-S3-VAHD8FUTPKPQ/576ddc60-3c74-11e7-ada1-500c3cd570d2;config;melia-glow-int-S3-VAHD8FUTPKPQ;;;;;;;;;
S3 Bucket;eu-west-1;elasticbeanstalk-eu-west-1-971613676897;;;;;;;;;;;;;
S3 Bucket;eu-west-1;melia-cdr-landing-int;;arn:aws:cloudformation:eu-west-1:971613676897:stack/melia-glow-int-S3-VAHD8FUTPKPQ/576ddc60-3c74-11e7-ada1-500c3cd570d2;landing;melia-glow-int-S3-VAHD8FUTPKPQ;;;;;;;;;
S3 Bucket;eu-west-1;melia-aws-int-cloudtrail;;arn:aws:cloudformation:eu-west-1:971613676897:stack/melia-int-cloudtrail/c1530d40-622f-11e7-8870-500c3d7e5a8d;CloudtrailS3;melia-int-cloudtrail;;;;;;;;;
S3 Bucket;eu-west-1;melia-cdr-logging-int;;arn:aws:cloudformation:eu-west-1:971613676897:stack/melia-glow-int-S3-VAHD8FUTPKPQ/576ddc60-3c74-11e7-ada1-500c3cd570d2;LoggingBucket;melia-glow-int-S3-VAHD8FUTPKPQ;;;;;;;;;
S3 Bucket;eu-west-1;melia-alb;;;;;;;;;;;;;
S3 Bucket;eu-west-1;cf-templates-4c16sjrucy62-eu-west-1;;;;;;;;;;;;;
S3 Bucket;eu-west-1;melia-cdr-main-int;;arn:aws:cloudformation:eu-west-1:971613676897:stack/melia-glow-int-S3-VAHD8FUTPKPQ/576ddc60-3c74-11e7-ada1-500c3cd570d2;main;melia-glow-int-S3-VAHD8FUTPKPQ;;;;;;;;;
VPC Customer Gateway;eu-west-1;cgw-99221fed;melia-aws-customergateway-int;;;;;;;;;;;;
VPC DHCP Options Set;eu-west-1;dopt-b37436d7;;;;;;;;;;;;;
VPC DHCP Options Set;eu-west-1;dopt-bfc0f1db;;;;;;;;;;;;;
VPC Internet Gateway;eu-west-1;igw-f0ee8094;Integracion Gateway;arn:aws:cloudformation:eu-west-1:971613676897:stack/melia-glow-int-VPC-1FEF0XG6XK050/57325a00-3c74-11e7-ac42-500c4233b6d2;Gateway;melia-glow-int-VPC-1FEF0XG6XK050;;;;;;;;;
VPC Network ACL;eu-west-1;acl-3b149c5c;;;;;;;;;;;;;
VPC Network ACL;eu-west-1;acl-ed86078a;;;;;;;;;;;;;
VPC Route Table;eu-west-1;rtb-a54214c2;Integracion Database Route Table;arn:aws:cloudformation:eu-west-1:971613676897:stack/melia-glow-int-VPC-1FEF0XG6XK050/57325a00-3c74-11e7-ac42-500c4233b6d2;DBRouteTable;melia-glow-int-VPC-1FEF0XG6XK050;;;;;;;;;
VPC Route Table;eu-west-1;rtb-e71c5880;;;;;;;;;;;;;
VPC Route Table;eu-west-1;rtb-1f471178;;;;;;;;;;;;;
VPC Route Table;eu-west-1;rtb-63580e04;Integracion Private Route Table;arn:aws:cloudformation:eu-west-1:971613676897:stack/melia-glow-int-VPC-1FEF0XG6XK050/57325a00-3c74-11e7-ac42-500c4233b6d2;PrivateRouteTable;melia-glow-int-VPC-1FEF0XG6XK050;;;;;;;;;
VPC Route Table;eu-west-1;rtb-a44214c3;Integracion Public Route Table;arn:aws:cloudformation:eu-west-1:971613676897:stack/melia-glow-int-VPC-1FEF0XG6XK050/57325a00-3c74-11e7-ac42-500c4233b6d2;PublicRouteTable;melia-glow-int-VPC-1FEF0XG6XK050;;;;;;;;;
VPC Subnet;eu-west-1;subnet-7a07ca33;Database Subnet 1;arn:aws:cloudformation:eu-west-1:971613676897:stack/melia-glow-int-VPC-1FEF0XG6XK050/57325a00-3c74-11e7-ac42-500c4233b6d2;DBSubnetA;melia-glow-int-VPC-1FEF0XG6XK050;;;;;;;;;
VPC Subnet;eu-west-1;subnet-99626fc1;Public Subnet 2;arn:aws:cloudformation:eu-west-1:971613676897:stack/melia-glow-int-VPC-1FEF0XG6XK050/57325a00-3c74-11e7-ac42-500c4233b6d2;SubnetB;melia-glow-int-VPC-1FEF0XG6XK050;;;;;;;;;
VPC Subnet;eu-west-1;subnet-ed00cda4;Public Subnet 1;arn:aws:cloudformation:eu-west-1:971613676897:stack/melia-glow-int-VPC-1FEF0XG6XK050/57325a00-3c74-11e7-ac42-500c4233b6d2;SubnetA;melia-glow-int-VPC-1FEF0XG6XK050;;;;;;;;;
VPC Subnet;eu-west-1;subnet-f306cbba;Private Subnet 1;arn:aws:cloudformation:eu-west-1:971613676897:stack/melia-glow-int-VPC-1FEF0XG6XK050/57325a00-3c74-11e7-ac42-500c4233b6d2;PrivateSubnetA;melia-glow-int-VPC-1FEF0XG6XK050;;;;;;;;;
VPC Subnet;eu-west-1;subnet-55626f0d;Private Subnet 2;arn:aws:cloudformation:eu-west-1:971613676897:stack/melia-glow-int-VPC-1FEF0XG6XK050/57325a00-3c74-11e7-ac42-500c4233b6d2;PrivateSubnetB;melia-glow-int-VPC-1FEF0XG6XK050;;;;;;;;;
VPC Subnet;eu-west-1;subnet-a4666bfc;Database Subnet 2;arn:aws:cloudformation:eu-west-1:971613676897:stack/melia-glow-int-VPC-1FEF0XG6XK050/57325a00-3c74-11e7-ac42-500c4233b6d2;DBSubnetB;melia-glow-int-VPC-1FEF0XG6XK050;;;;;;;;;
VPC Virtual Private Gateway;eu-west-1;vgw-f2dfed86;melia-aws-vpg-int;;;;;;;;;;;;
VPC VPC;eu-west-1;vpc-c538fea2;Integracion;arn:aws:cloudformation:eu-west-1:971613676897:stack/melia-glow-int-VPC-1FEF0XG6XK050/57325a00-3c74-11e7-ac42-500c4233b6d2;VPC;melia-glow-int-VPC-1FEF0XG6XK050;;;;;;;;;
VPC VPC;eu-west-1;vpc-6bde200c;melia-aws-vpc-integration;;;;;;;;;;;;
VPC VPN Connection;eu-west-1;vpn-5e097915;melia-aws-vpn-int;;;;;;;;;;;;
